{
    "geode": "v5.0.0-beta.4",
    "gd": {
        "win": "2.206",
        "android": "2.206",
        "mac": "2.206"
    },
    "id": "devteam.voxhack",
    "name": "VoxHack",
    "version": "1.0.0",
    "developer": "DevTeam",
    "description": "A professional, modular advanced client for Geometry Dash with 150+ features.",
    "about": "about.md",
    "changelog": "changelog.md",
    "logo": "logo.png",
    "links": {},
    "dependencies": [],
    "resources": {
        "files": [
            "resources/themes/*.json"
        ]
    },
    "settings": {}
}
